{
    "step": 0,
    "coherence_A": 0.00403047791285654,
    "entropy_A": -412.9371753806994,
    "lyapunov_A": -0.22851261274344634,
    "env_mean": 0.00014565436615283136,
    "env_wave": 0.4993424859933053
}