{
  "w_trend": 0.9185272381549238,
  "w_mean_rev": 0.6670601727775356,
  "w_vol": 0.9031068829528347,
  "rsi_period": 6,
  "buy_thresh": 0.16352606982609205,
  "sell_thresh": 0.10537317648358967,
  "sl_multiplier": 1.4720250463608817,
  "tp_multiplier": 4.739530456824358
}