{
  "w_trend": 0.7412650786840258,
  "w_mean_rev": 0.6421229390929584,
  "w_vol": 0.7732077744442009,
  "rsi_period": 5,
  "buy_thresh": 0.05,
  "sell_thresh": 0.19486620592137205,
  "sl_multiplier": 2.800427978005567,
  "tp_multiplier": 7.760703689404384
}